Workbook

Sheet Registro_defectos
A1: ANEXO B — REGISTRO CONSOLIDADO DE DEFECTOS
A2: ERS_v1.1 - SICM / MediCita - Inspección Fagan PE4 - sincronizado con Jira SGICM
A3: INSTRUCCIÓN: durante la reunión cambie “Decisión Fagan” a Aceptado, Duplicado o Rechazado. Complete Estado, Corrección, Commit y Evidencia únicamente con datos reales.
A5: ID | B5: Sección | C5: Requisito | D5: Descripción | E5: Tipo | F5: Severidad | G5: Encontrado por | H5: Responsable | I5: Estado | J5: Corrección | K5: Commit | L5: Evidencia | M5: Decisión Fagan | N5: Fecha validación
A6: DEF-01 | B6: Control de versiones | C6: ERS | D6: El nombre externo del archivo indica v1.0, pero el historial interno registra la revisión 3.1 del 01/08/2026. | E6: Consistencia | F6: Mayor | G6: Steven Santiago Díaz Pontón | H6: Steven Santiago Díaz Pontón | I6: Corregido | J6: Unificar nombre, portada, historial, README, CHANGELOG y tag con la versión aprobada. | K6: Registrar hash real antes de entregar | L6: Jira SGICM-67 - estado Listo | M6: Aceptado | N6: 46238
A7: DEF-02 | B7: Catálogo de requisitos | C7: RF-01 / RF-14 | D7: RF-01 declara RF-14 fusionado, pero RF-14 conserva una ficha independiente. | E7: Completitud | F7: Mayor | G7: Steven Santiago Díaz Pontón | H7: Paul Alexander Tigasi Sampedro | I7: Corregido | J7: Decidir un identificador vigente y actualizar catálogo, matriz y referencias cruzadas. | K7: Registrar hash real antes de entregar | L7: Jira SGICM-68 - estado Listo | M7: Aceptado | N7: 46238
A8: DEF-03 | B8: Especificación funcional | C8: RF-01 | D8: El criterio exige digitalizar 80 % de formularios físicos sin identificar el universo total ni su fecha de corte. | E8: Ambigüedad | F8: Menor | G8: Steven Santiago Díaz Pontón | H8: Anthony Alfredo Vera Gómez | I8: Corregido | J8: Adjuntar inventario base de formularios y fórmula de cobertura. | K8: Registrar hash real antes de entregar | L8: Jira SGICM-69 - estado Listo | M8: Aceptado | N8: 46238
A9: DEF-04 | B9: Catálogo y matriz | C9: RF-15 / RF-31 / RF-32 | D9: RF-15 declara fusionados RF-31 y RF-32, pero ambos requisitos mantienen fichas y relaciones propias. | E9: Trazabilidad | F9: Mayor | G9: Steven Santiago Díaz Pontón | H9: Paul Alexander Tigasi Sampedro | I9: Corregido | J9: Separar formalmente los alcances o retirar identificadores fusionados y redirigir sus relaciones. | K9: Registrar hash real antes de entregar | L9: Jira SGICM-70 - estado Listo | M9: Aceptado | N9: 46238
A10: DEF-05 | B10: Criterio de verificación | C10: RF-18 | D10: La actualización menor a un minuto no define evento inicial, punto de observación, carga ni método de medición. | E10: Verificabilidad | F10: Mayor | G10: Steven Santiago Díaz Pontón | H10: Anthony Alfredo Vera Gómez | I10: Corregido | J10: Especificar escenario, reloj, carga, entorno y criterio de aceptación. | K10: Registrar hash real antes de entregar | L10: Jira SGICM-71 - estado Listo | M10: Aceptado | N10: 46238
A11: DEF-06 | B11: Criterio de verificación | C11: RF-21 | D11: RF-21 dependía de autorización de un servicio externo que no forma parte del alcance del sistema. | E11: Factibilidad | F11: Mayor | G11: Steven Santiago Díaz Pontón | H11: Steven Santiago Díaz Pontón | I11: Corregido | J11: Redefinir RF-21 como generación de comprobante interno de pago, sin integración con servicios externos. | K11: Registrar hash real antes de entregar | L11: Jira SGICM-72 - estado Listo | M11: Aceptado | N11: 46238
A12: DEF-07 | B12: Flujo de agendamiento | C12: RF-02 | D12: RF-02 mezcla citas por fecha y hora con atención por orden de llegada sin establecer una regla de prioridad. | E12: Ambigüedad | F12: Mayor | G12: Anthony Alfredo Vera Gómez | H12: Anthony Alfredo Vera Gómez | I12: Corregido | J12: Separar los flujos o definir prioridad, excepciones y estados de cada modalidad. | K12: Registrar hash real antes de entregar | L12: Jira SGICM-73 - estado Listo | M12: Aceptado | N12: 46238
A13: DEF-08 | B13: Modelado UML | C13: Sección 4.3 | D13: El ERS se declara consolidado, pero los archivos fuente UML y sus exportaciones PNG/SVG siguen pendientes. | E13: Completitud | F13: Crítico | G13: Anthony Alfredo Vera Gómez | H13: Paul Alexander Tigasi Sampedro | I13: Corregido | J13: Crear diagramas en una herramienta CASE, exportarlos y enlazar archivos fuente e imágenes. | K13: Registrar hash real antes de entregar | L13: Jira SGICM-74 - estado Listo | M13: Aceptado | N13: 46238
A14: DEF-09 | B14: Catálogo de requisitos | C14: RF-18 / RF-19 | D14: RF-18 declara RF-19 fusionado, pero RF-19 permanece como requisito autónomo. | E14: Consistencia | F14: Mayor | G14: Anthony Alfredo Vera Gómez | H14: Steven Santiago Díaz Pontón | I14: Corregido | J14: Conservar un identificador o delimitar claramente asignación y consulta de disponibilidad. | K14: Registrar hash real antes de entregar | L14: Jira SGICM-75 - estado Listo | M14: Aceptado | N14: 46238
A15: DEF-10 | B15: Criterio de verificación | C15: RF-24 | D15: La propagación del cambio en dos segundos no especifica carga, red, datos ni puntos de medición. | E15: Verificabilidad | F15: Mayor | G15: Anthony Alfredo Vera Gómez | H15: Anthony Alfredo Vera Gómez | I15: Corregido | J15: Agregar escenario, infraestructura, inicio y fin de medición y repeticiones. | K15: Registrar hash real antes de entregar | L15: Jira SGICM-76 - estado Listo | M15: Aceptado | N15: 46238
A16: DEF-11 | B16: Matriz de trazabilidad | C16: RF-02 | D16: La matriz enlaza RF-02 con MU-30, pero el mockup no aparece entre los artefactos verificados. | E16: Trazabilidad | F16: Crítico | G16: Anthony Alfredo Vera Gómez | H16: Paul Alexander Tigasi Sampedro | I16: Corregido | J16: Crear y versionar MU-30 o corregir la relación hacia el mockup real. | K16: Registrar hash real antes de entregar | L16: Jira SGICM-77 - estado Listo | M16: Aceptado | N16: 46238
A17: DEF-12 | B17: Requisitos no funcionales | C17: RNF-14 | D17: Se exige funcionamiento estable en 100 % de equipos actuales sin inventario técnico ni definición de estabilidad. | E17: Factibilidad | F17: Mayor | G17: Anthony Alfredo Vera Gómez | H17: Steven Santiago Díaz Pontón | I17: Corregido | J17: Incluir inventario, configuraciones compatibles, duración de prueba y umbral de estabilidad. | K17: Registrar hash real antes de entregar | L17: Jira SGICM-78 - estado Listo | M17: Aceptado | N17: 46238
... A20: DEF-15 | B20: Catálogo de requisitos | C20: RF-22 / RF-33 | D20: RF-22 declara RF-33 fusionado, pero RF-33 conserva ficha independiente. | E20: Consistencia | F20: Mayor | G20: Paul Alexander Tigasi Sampedro | H20: Paul Alexander Tigasi Sampedro | I20: Corregido | J20: Eliminar la duplicidad o diferenciar pago financiero y habilitación operativa por área. | K20: Registrar hash real antes de entregar | L20: Jira SGICM-81 - estado Listo | M20: Aceptado | N20: 46238
A21: DEF-16 | B21: Criterio de verificación | C21: RNF-16 | D21: Las auditorías periódicas no especifican frecuencia, muestra, fuente de registros ni procedimiento. | E21: Verificabilidad | F21: Mayor | G21: Paul Alexander Tigasi Sampedro | H21: Anthony Alfredo Vera Gómez | I21: No incorporado | J21: Definir periodicidad, muestra, responsable, fuente y procedimiento de auditoría. | L21: Archivo_LateX_V3_IR.pdf: p. 41 | M21: Rechazado / no consolidado
A22: DEF-17 | B22: Matriz de trazabilidad | C22: RF-11 / RF-16 / RNF-18 | D22: La matriz enlaza MU-31 y MU-32, pero los mockups no aparecen entre los artefactos verificados. | E22: Trazabilidad | F22: Crítico | G22: Paul Alexander Tigasi Sampedro | H22: Paul Alexander Tigasi Sampedro | I22: No incorporado | J22: Incorporar los mockups o corregir los identificadores y enlaces relativos. | L22: Archivo_LateX_V3_IR.pdf: pp. 82 y 84 | M22: Rechazado / no consolidado
A23: DEF-18 | B23: Modelado UML | C23: Sección 4.3 | D23: La producción de diagramas depende de herramientas CASE sin licencia, responsable ni alternativa reproducible acreditada. | E23: Factibilidad | F23: Mayor | G23: Paul Alexander Tigasi Sampedro | H23: Steven Santiago Díaz Pontón | I23: No incorporado | J23: Definir herramienta, responsable, fecha, formato fuente y alternativa como PlantUML. | L23: Archivo_LateX_V3_IR.pdf: p. 67 | M23: Rechazado / no consolidado

Sheet Resumen
A1: CONTROL DE CUMPLIMIENTO — INSPECCIÓN FAGAN
A2: Los indicadores se actualizan al editar la columna “Decisión Fagan” y el “Estado” del registro.
A4: Indicador | B4: Resultado | C4: Criterio | E4: Tipo | F4: Aceptados | G4: Total candidato
A5: Hallazgos registrados | B5: =COUNTA(Registro_defectos!A6:A23) -> 18 | C5: Información | E5: Ambigüedad | F5: =COUNTIFS(Registro_defectos!E6:E23,E5,Registro_defectos!M6:M23,"Aceptado") -> 3 | G5: =COUNTIF(Registro_defectos!E6:E23,E5) -> 3
A6: Defectos únicos aceptados | B6: =COUNTIF(Registro_defectos!M6:M23,"Aceptado") -> 15 | C6: ≥ 15 | E6: Completitud | F6: =COUNTIFS(Registro_defectos!E6:E23,E6,Registro_defectos!M6:M23,"Aceptado") -> 3 | G6: =COUNTIF(Registro_defectos!E6:E23,E6) -> 3
A7: Aceptados críticos o mayores | B7: =COUNTIFS(Registro_defectos!M6:M23,"Aceptado",Registro_defectos!F6:F23,"Crítico")+COUNTIFS(Registro_defectos!M6:M23,"Aceptado",Registro_defectos!F6:F23,"Mayor") -> 13 | C7: ≥ 3 | E7: Consistencia | F7: =COUNTIFS(Registro_defectos!E6:E23,E7,Registro_defectos!M6:M23,"Aceptado") -> 3 | G7: =COUNTIF(Registro_defectos!E6:E23,E7) -> 3
A8: Críticos/mayores corregidos | B8: =COUNTIFS(Registro_defectos!M6:M23,"Aceptado",Registro_defectos!F6:F23,"Crítico",Registro_defectos!I6:I23,"Corregido")+COUNTIFS(Registro_defectos!M6:M23,"Aceptado",Registro_defectos!F6:F23,"Mayor",Registro_defectos!I6:I23,"Corregido") -> 13 | C8: Igual al total crítico/mayor | E8: Verificabilidad | F8: =COUNTIFS(Registro_defectos!E6:E23,E8,Registro_defectos!M6:M23,"Aceptado") -> 2 | G8: =COUNTIF(Registro_defectos!E6:E23,E8) -> 3
A9: Tasa de corrección crítica/mayor | B9: =IF(B7=0,0,B8/B7) -> 1 | C9: 100 % | E9: Trazabilidad | F9: =COUNTIFS(Registro_defectos!E6:E23,E9,Registro_defectos!M6:M23,"Aceptado") -> 2 | G9: =COUNTIF(Registro_defectos!E6:E23,E9) -> 3
A10: Estado general | B10: =IF(AND(B6>=15,B7>=3,B9=1),"CUMPLE","PENDIENTE") -> CUMPLE | C10: Todos los criterios anteriores | E10: Factibilidad | F10: =COUNTIFS(Registro_defectos!E6:E23,E10,Registro_defectos!M6:M23,"Aceptado") -> 2 | G10: =COUNTIF(Registro_defectos!E6:E23,E10) -> 3
A12: Comprobación | B12: Resultado | C12: Interpretación
A13: Mínimo 15 aceptados | B13: =IF(B6>=15,"CUMPLE","NO CUMPLE") -> CUMPLE | C13: Validar al menos quince defectos únicos en la reunión. | E13: Severidad | F13: Aceptados | G13: Total candidato
A14: Mínimo 3 críticos/mayores | B14: =IF(B7>=3,"CUMPLE","NO CUMPLE") -> CUMPLE | C14: Confirmar severidad y conservar al menos tres críticos o mayores. | E14: Crítico | F14: =COUNTIFS(Registro_defectos!F6:F23,E14,Registro_defectos!M6:M23,"Aceptado") -> 3 | G14: =COUNTIF(Registro_defectos!F6:F23,E14) -> 4
A15: 100 % críticos/mayores corregidos | B15: =IF(AND(B7>0,B9=1),"CUMPLE","NO CUMPLE") -> CUMPLE | C15: Corregir todos los críticos y mayores aceptados y registrar commit y evidencia. | E15: Mayor | F15: =COUNTIFS(Registro_defectos!F6:F23,E15,Registro_defectos!M6:M23,"Aceptado") -> 10 | G15: =COUNTIF(Registro_defectos!F6:F23,E15) -> 12
E16: Menor | F16: =COUNTIFS(Registro_defectos!F6:F23,E16,Registro_defectos!M6:M23,"Aceptado") -> 2 | G16: =COUNTIF(Registro_defectos!F6:F23,E16) -> 2

Sheet Catalogos
A1: Tipos | B1: Severidades | C1: Estados | D1: Decisiones Fagan
A2: Ambigüedad | B2: Crítico | C2: Pendiente de validación | D2: Pendiente
A3: Completitud | B3: Mayor | C3: Abierto | D3: Aceptado
A4: Consistencia | B4: Menor | C4: En corrección | D4: Duplicado
A5: Verificabilidad | C5: Corregido | D5: Rechazado
A6: Trazabilidad | C6: No aplica
A7: Factibilidad
