Workbook

Sheet Datos
A1: DATOS DE ENTRADA — MÉTRICAS DE INSPECCIÓN FAGAN
A2: Datos sincronizados con los 15 defectos aceptados en Jira
H4: Integrante | I4: Checklist confirmado
A5: ID | B5: Tipo | C5: Severidad | D5: Decisión Fagan | E5: Estado | F5: Página(s) ERS | H5: Steven Santiago Díaz Pontón | I5: Pendiente
A6: DEF-01 | B6: Consistencia | C6: Mayor | D6: Aceptado | E6: Corregido | F6: p. 2 | H6: Anthony Alfredo Vera Gómez | I6: Confirmado
A7: DEF-02 | B7: Completitud | C7: Mayor | D7: Aceptado | E7: Corregido | F7: pp. 22 y 27 | H7: Paul Alexander Tigasi Sampedro | I7: Confirmado
A8: DEF-03 | B8: Ambigüedad | C8: Menor | D8: Aceptado | E8: Corregido | F8: p. 22
A9: DEF-04 | B9: Trazabilidad | C9: Mayor | D9: Aceptado | E9: Corregido | F9: pp. 28, 35 y 36 | H9: Dato de sesión | I9: Valor
A10: DEF-05 | B10: Verificabilidad | C10: Mayor | D10: Aceptado | E10: Corregido | F10: p. 30 | H10: Páginas efectivas inspeccionadas | I10: 83
A11: DEF-06 | B11: Factibilidad | C11: Mayor | D11: Aceptado | E11: Corregido | F11: p. 31 | H11: Fecha de sesión | I11: 46238
A12: DEF-07 | B12: Ambigüedad | C12: Mayor | D12: Aceptado | E12: Corregido | F12: p. 22
A13: DEF-08 | B13: Completitud | C13: Crítico | D13: Aceptado | E13: Corregido | F13: pp. 2 y 67
A14: DEF-09 | B14: Consistencia | C14: Mayor | D14: Aceptado | E14: Corregido | F14: p. 30
A15: DEF-10 | B15: Verificabilidad | C15: Mayor | D15: Aceptado | E15: Corregido | F15: p. 32
A16: DEF-11 | B16: Trazabilidad | C16: Crítico | D16: Aceptado | E16: Abierto | F16: p. 82
A17: DEF-12 | B17: Factibilidad | C17: Mayor | D17: Aceptado | E17: Abierto | F17: p. 40
A18: DEF-13 | B18: Ambigüedad | C18: Menor | D18: Aceptado | E18: Corregido | F18: p. 40
A19: DEF-14 | B19: Completitud | C19: Crítico | D19: Aceptado | E19: Abierto | F19: p. 41
A20: DEF-15 | B20: Consistencia | C20: Mayor | D20: Aceptado | E20: Corregido | F20: pp. 31 y 36
A21: DEF-16 | B21: Verificabilidad | C21: Mayor | D21: Rechazado | E21: No incorporado | F21: p. 41
A22: DEF-17 | B22: Trazabilidad | C22: Crítico | D22: Rechazado | E22: No incorporado | F22: pp. 82 y 84
A23: DEF-18 | B23: Factibilidad | C23: Mayor | D23: Rechazado | E23: No incorporado | F23: p. 67

Sheet Metricas
A1: MÉTRICAS DE INSPECCIÓN FAGAN — ERS ENTREGA 3 (2A)
A2: Resultados calculados desde 15 defectos aceptados; DEF-11, DEF-12 y DEF-14 permanecen abiertos.
A4: N.º | B4: Métrica | C4: Fórmula utilizada | D4: Resultado | E4: Criterio | F4: Interpretación automática
A5: 1 | B5: Densidad de defectos | C5: Defectos únicos aceptados / páginas efectivas inspeccionadas | D5: =IF(Datos!I10="","",COUNTIF(Datos!D6:D23,"Aceptado")/Datos!I10) -> 0.18072289 | E5: Informativa | F5: =IF(D5="","Pendiente: ingrese páginas y valide defectos",IF(D5<0.1,"Densidad baja; revisar alcance inspeccionado",IF(D5<=0.3,"Densidad moderada","Densidad alta; priorizar correcciones"))) -> Densidad moderada
A6: 2 | B6: Preparación individual | C6: Checklists confirmados / integrantes del equipo × 100 | D6: =IF(COUNTIF(Datos!I5:I7,"Pendiente")>0,"",COUNTIF(Datos!I5:I7,"Sí")/COUNTA(Datos!H5:H7)) | E6: 100 % | F6: =IF(D6="","Pendiente: confirme los tres checklists",IF(D6=1,"Todos los integrantes realizaron preparación individual","Falta preparación individual de uno o más integrantes")) -> Pendiente: confirme los tres checklists
A7: 3 | B7: Eliminación de críticos y mayores | C7: Críticos y mayores corregidos / críticos y mayores aceptados × 100 | D7: =IF((COUNTIFS(Datos!D6:D23,"Aceptado",Datos!C6:C23,"Crítico")+COUNTIFS(Datos!D6:D23,"Aceptado",Datos!C6:C23,"Mayor"))=0,"",(COUNTIFS(Datos!D6:D23,"Aceptado",Datos!C6:C23,"Crítico",Datos!E6:E23,"Corregido")+COUNTIFS(Datos!D6:D23,"Aceptado",Datos!C6:C23,"Mayor",Datos!E6:E23,"Corregido"))/(COUNTIFS(Datos!D6:D23,"Aceptado",Datos!C6:C23,"Crítico")+COUNTIFS(Datos!D6:D23,"Aceptado",Datos!C6:C23,"Mayor"))) -> 0.76923077 | E7: 100 % | F7: =IF(D7="","Pendiente: valide defectos críticos/mayores",IF(D7=1,"Se corrigió el 100 % de críticos y mayores aceptados","Aún existen críticos o mayores sin corregir")) -> Aún existen críticos o mayores sin corregir
A8: 4 | B8: Distribución por tipo | C8: Defectos aceptados de cada tipo / total aceptado × 100 | D8: =IF(COUNTIF(Datos!D6:D23,"Aceptado")=0,"Pendiente","Tabla 1") -> Tabla 1 | E8: Ver tabla por tipo | F8: =IF(D8="Pendiente","Pendiente: aún no hay defectos aceptados","La tabla y el gráfico muestran los tipos predominantes") -> La tabla y el gráfico muestran los tipos predominantes
A9: 5 | B9: Distribución por severidad | C9: Defectos aceptados de cada severidad / total aceptado × 100 | D9: =IF(COUNTIF(Datos!D6:D23,"Aceptado")=0,"Pendiente","Tabla 2") -> Tabla 2 | E9: Ver tabla por severidad | F9: =IF(D9="Pendiente","Pendiente: aún no hay defectos aceptados","La tabla y el gráfico muestran la severidad predominante") -> La tabla y el gráfico muestran la severidad predominante
A12: Tipo | B12: Aceptados | C12: Porcentaje | D12: Candidatos
A13: Ambigüedad | B13: =COUNTIFS(Datos!B6:B23,A13,Datos!D6:D23,"Aceptado") -> 3 | C13: =IF(COUNTIF(Datos!D6:D23,"Aceptado")=0,"",B13/COUNTIF(Datos!D6:D23,"Aceptado")) -> 0.2 | D13: =COUNTIF(Datos!B6:B23,A13) -> 3
A14: Completitud | B14: =COUNTIFS(Datos!B6:B23,A14,Datos!D6:D23,"Aceptado") -> 3 | C14: =IF(COUNTIF(Datos!D6:D23,"Aceptado")=0,"",B14/COUNTIF(Datos!D6:D23,"Aceptado")) -> 0.2 | D14: =COUNTIF(Datos!B6:B23,A14) -> 3
A15: Consistencia | B15: =COUNTIFS(Datos!B6:B23,A15,Datos!D6:D23,"Aceptado") -> 3 | C15: =IF(COUNTIF(Datos!D6:D23,"Aceptado")=0,"",B15/COUNTIF(Datos!D6:D23,"Aceptado")) -> 0.2 | D15: =COUNTIF(Datos!B6:B23,A15) -> 3
A16: Verificabilidad | B16: =COUNTIFS(Datos!B6:B23,A16,Datos!D6:D23,"Aceptado") -> 2 | C16: =IF(COUNTIF(Datos!D6:D23,"Aceptado")=0,"",B16/COUNTIF(Datos!D6:D23,"Aceptado")) -> 0.13333333 | D16: =COUNTIF(Datos!B6:B23,A16) -> 3
A17: Trazabilidad | B17: =COUNTIFS(Datos!B6:B23,A17,Datos!D6:D23,"Aceptado") -> 2 | C17: =IF(COUNTIF(Datos!D6:D23,"Aceptado")=0,"",B17/COUNTIF(Datos!D6:D23,"Aceptado")) -> 0.13333333 | D17: =COUNTIF(Datos!B6:B23,A17) -> 3
A18: Factibilidad | B18: =COUNTIFS(Datos!B6:B23,A18,Datos!D6:D23,"Aceptado") -> 2 | C18: =IF(COUNTIF(Datos!D6:D23,"Aceptado")=0,"",B18/COUNTIF(Datos!D6:D23,"Aceptado")) -> 0.13333333 | D18: =COUNTIF(Datos!B6:B23,A18) -> 3
A21: Severidad | B21: Aceptados | C21: Porcentaje | D21: Candidatos
A22: Crítico | B22: =COUNTIFS(Datos!C6:C23,A22,Datos!D6:D23,"Aceptado") -> 3 | C22: =IF(COUNTIF(Datos!D6:D23,"Aceptado")=0,"",B22/COUNTIF(Datos!D6:D23,"Aceptado")) -> 0.2 | D22: =COUNTIF(Datos!C6:C23,A22) -> 4
A23: Mayor | B23: =COUNTIFS(Datos!C6:C23,A23,Datos!D6:D23,"Aceptado") -> 10 | C23: =IF(COUNTIF(Datos!D6:D23,"Aceptado")=0,"",B23/COUNTIF(Datos!D6:D23,"Aceptado")) -> 0.66666667 | D23: =COUNTIF(Datos!C6:C23,A23) -> 12
A24: Menor | B24: =COUNTIFS(Datos!C6:C23,A24,Datos!D6:D23,"Aceptado") -> 2 | C24: =IF(COUNTIF(Datos!D6:D23,"Aceptado")=0,"",B24/COUNTIF(Datos!D6:D23,"Aceptado")) -> 0.13333333 | D24: =COUNTIF(Datos!C6:C23,A24) -> 2

Sheet Graficos
A1: GRÁFICOS DE DISTRIBUCIÓN — INSPECCIÓN FAGAN
A2: Las barras azules muestran candidatos; las verdes mostrarán únicamente defectos aceptados en la reunión.
A4: Tipo | B4: Candidatos | C4: Aceptados | H4: Severidad | I4: Candidatos | J4: Aceptados
A5: =Metricas!A13 -> Ambigüedad | B5: =Metricas!D13 -> 3 | C5: =Metricas!B13 -> 3 | H5: =Metricas!A22 -> Crítico | I5: =Metricas!D22 -> 4 | J5: =Metricas!B22 -> 3
A6: =Metricas!A14 -> Completitud | B6: =Metricas!D14 -> 3 | C6: =Metricas!B14 -> 3 | H6: =Metricas!A23 -> Mayor | I6: =Metricas!D23 -> 12 | J6: =Metricas!B23 -> 10
A7: =Metricas!A15 -> Consistencia | B7: =Metricas!D15 -> 3 | C7: =Metricas!B15 -> 3 | H7: =Metricas!A24 -> Menor | I7: =Metricas!D24 -> 2 | J7: =Metricas!B24 -> 2
A8: =Metricas!A16 -> Verificabilidad | B8: =Metricas!D16 -> 3 | C8: =Metricas!B16 -> 2
A9: =Metricas!A17 -> Trazabilidad | B9: =Metricas!D17 -> 3 | C9: =Metricas!B17 -> 2
A10: =Metricas!A18 -> Factibilidad | B10: =Metricas!D18 -> 3 | C10: =Metricas!B18 -> 2
